rouge1,rouge2,rougeL,rougeLsum
0.0238983609855316,0.0,0.023454045054100967,0.02419608398520791
